{
    "hAngle": 7797.20703125,
    "vAngle": -36.0,
    "distance": 5.000000476837158
}