{
    "hAngle": 2006.80126953125,
    "vAngle": -23.5,
    "distance": 10.000004768371582
}