{
    "hAngle": 5975.20068359375,
    "vAngle": -36.0,
    "distance": 4.90000057220459
}