{
    "hAngle": 3408.402099609375,
    "vAngle": -30.0,
    "distance": 2.9000024795532228
}