{
    "hAngle": 6643.20947265625,
    "vAngle": -12.25,
    "distance": 8.199997901916504
}