{
    "hAngle": 6194.39599609375,
    "vAngle": -18.5,
    "distance": 4.30000114440918
}