{
    "hAngle": 6703.20751953125,
    "vAngle": -50.25,
    "distance": 3.1000022888183595
}