{
    "sex": "male",
    "position": [
        64.47079467773438,
        6.568793773651123,
        85.16160583496094
    ],
    "rotation": [
        0.0,
        0.09500380605459213,
        0.0,
        0.9954769611358643
    ]
}