{
    "sex": "male",
    "position": [
        56.136566162109378,
        -1.8817423582077027,
        43.7085075378418
    ],
    "rotation": [
        0.0,
        0.08344288170337677,
        0.0,
        0.9965125918388367
    ]
}