{
    "sex": "male",
    "position": [
        50.918216705322269,
        -1.9449350833892823,
        25.09027862548828
    ],
    "rotation": [
        0.0,
        -0.9772588014602661,
        0.0,
        0.21205008029937745
    ]
}