{
    "sex": "male",
    "position": [
        55.420406341552737,
        6.528374671936035,
        79.6686782836914
    ],
    "rotation": [
        0.0,
        -0.2774391770362854,
        0.0,
        0.960743248462677
    ]
}