{
    "sex": "male",
    "position": [
        50.55958938598633,
        -2.156201124191284,
        43.33072280883789
    ],
    "rotation": [
        0.0,
        -0.9934876561164856,
        0.0,
        -0.11394014954566956
    ]
}