{
    "sex": "male",
    "position": [
        46.83414840698242,
        -2.291430711746216,
        15.193593978881836
    ],
    "rotation": [
        0.0,
        -0.6813884973526001,
        0.0,
        -0.7319219708442688
    ]
}