{
    "sex": "male",
    "position": [
        54.02968978881836,
        -2.296433687210083,
        33.0125732421875
    ],
    "rotation": [
        0.0,
        -0.9807485938072205,
        0.0,
        -0.1952746957540512
    ]
}