{
    "sex": "male",
    "position": [
        42.0,
        2.411707878112793,
        67.5999984741211
    ],
    "rotation": [
        0.0,
        0.3592365086078644,
        0.0,
        0.9332465529441834
    ]
}